"instanceID","projectName","ruleKey","ruleName","ruleType","experimentNumber","classification","plausibleFix","fixComplexity","classificationSoundness","fixCorrectness","classificationSoundnessExplanation","fixCorrectnessExplanation","ismellFixCreated","ismellTotalTime","ismellBuildSuccessful","ismellSonarCheckRemovedWarning","ismellSonarCheckNoNewWarning","ismellTestSuccessful","ismellBuildAndRemovedWarning","ismellBuildAndRemovedWarningAndNoNewWarning","ismellBuildAndRemovedWarningAndNoNewWarningAndTest","ismellUncachedInputTokens","ismellCachedInputTokens","ismellOutputTokens","ismellTotalTokens","ismellCost","ismellTPAssumptionSoundness","ismellCorrectFix","codeSmellOutsideOfSonarQubeIntroduced","ismellTPAssumptionSoundnessExplanation","ismellFixCorrectnessExplanation"
"901","jts","S125","Sections of code should not be commented out","Code_Smell","17","FP","True","Multi Line","nan","nan","nan","nan","True","8385657406","True","True","True","True","True","True","True","1217","0","790","2007","0.0017508","","","","",""
"902","joshua","S117","Local variable and method parameter names should comply with a naming convention","Code_Smell","17","TP","True","Multi Line","nan","nan","nan","nan","True","6438186027","False","True","True","False","False","False","False","26593","0","352","26945","0.0112004","","","","",""
"903","Vitro","S2293","The diamond operator (""<>"") should be used","Code_Smell","17","TP","True","Single Line","nan","nan","nan","nan","True","14697064429","True","True","True","True","True","True","True","1401","0","1018","2419","0.0021892","","","","",""
"904","nfe","S1192","String literals should not be duplicated","Code_Smell","17","TP","True","Multi Line","nan","nan","nan","nan","True","35084833860","True","True","True","True","True","True","True","2790","0","2290","5080","0.00478","","","","",""
"905","modelmapper","S1319","Declarations should use Java collection interfaces such as ""List"" rather than specific implementation classes such as ""LinkedList""","Code_Smell","17","FP","True","Single Line","nan","nan","nan","nan","True","10387286842","True","True","True","True","True","True","True","1200","0","734","1934","0.0016544","","","","",""
"906","sardine","S1192","String literals should not be duplicated","Code_Smell","17","TP","True","Multi Line","nan","nan","nan","nan","True","209996941753","True","True","True","True","True","True","True","13979","0","13449","27428","0.027110000000000002","","","","",""
"907","Nukkit","S1219","""switch"" statements should not contain non-case labels","Code_Smell","17","TP","True","Multi Line","nan","nan","nan","nan","True","263940707860","False","True","True","False","False","False","False","39871","0","21089","60960","0.04969080000000001","","","","",""
"908","Vitro","S116","Field names should comply with a naming convention","Code_Smell","17","TP","True","Multi Line","nan","nan","nan","nan","True","57890403583","True","True","True","True","True","True","True","5067","0","4729","9796","0.009593200000000001","","","","",""
"909","geometry-api-java","S115","Constant names should comply with a naming convention","Code_Smell","17","TP","True","Multi File","nan","nan","nan","nan","True","83579210174","False","True","True","False","False","False","False","43825","0","5977","49802","0.0270932","","","","",""
"910","ExecDashboard","S115","Constant names should comply with a naming convention","Code_Smell","17","TP","True","Single Line","nan","nan","nan","nan","True","8139871346","False","True","True","False","False","False","False","1074","0","493","1567","0.0012184000000000001","","","","",""
"911","jts","S125","Sections of code should not be commented out","Code_Smell","17","TP","True","Multi Line","nan","nan","nan","nan","True","36175986609","True","True","True","True","True","True","True","3311","0","2881","6192","0.005934000000000001","","","","",""
"912","epubcheck","S1192","String literals should not be duplicated","Code_Smell","17","TP","True","Multi Line","nan","nan","nan","nan","True","54312316262","True","False","False","True","False","False","False","4025","0","3551","7576","0.0072916000000000005","","","","",""
"913","OpenTripPlanner","S1135","Track uses of ""TODO"" tags","Code_Smell","17","TP","True","Multi Line","nan","nan","nan","nan","True","94678550119","True","True","True","True","True","True","True","7937","0","7291","15228","0.014840400000000002","","","","",""
"914","geometry-api-java","S1192","String literals should not be duplicated","Code_Smell","17","FP","True","Single Line","nan","nan","nan","nan","True","50080607948","True","True","True","True","True","True","True","3592","0","3099","6691","0.0063952","","","","",""
"915","geometry-api-java","S100","Method names should comply with a naming convention","Code_Smell","17","TP","True","Multi Line","nan","nan","nan","nan","True","208443295778","True","True","True","True","True","True","True","12280","0","11958","24238","0.024044799999999998","","","","",""
"916","nfe","S108","Nested blocks of code should not be left empty","Code_Smell","17","TP","True","Single Line","nan","nan","nan","nan","True","51628444495","True","True","True","False","True","True","False","26583","0","3352","29935","0.0159964","","","","",""
"917","OpenTripPlanner","S5993","Constructors of an ""abstract"" class should not be declared ""public""","Code_Smell","17","TP","True","Single Line","nan","nan","nan","nan","True","22925343562","True","True","True","True","True","True","True","1540","0","1212","2752","0.0025552","","","","",""
"918","rest-driver","S2293","The diamond operator (""<>"") should be used","Code_Smell","17","TP","True","Single Line","nan","nan","nan","nan","True","20446820767","True","True","True","True","True","True","True","1857","0","1477","3334","0.003106","","","","",""
"919","jMetal","S125","Sections of code should not be commented out","Code_Smell","17","FP","True","Multi Line","nan","nan","nan","nan","True","11045689862","True","False","True","True","False","False","False","1323","0","900","2223","0.0019692","","","","",""
"920","Nukkit","S135","Loops should not contain more than a single ""break"" or ""continue"" statement","Code_Smell","17","FP","True","Single Line","nan","nan","nan","nan","True","53239095681","True","True","True","True","True","True","True","4215","0","3830","8045","0.007814","","","","",""
"921","Vitro","S112","Generic exceptions should never be thrown","Code_Smell","17","FP","True","Single Line","nan","nan","nan","nan","True","103943198429","True","True","True","True","True","True","True","7019","0","6798","13817","0.013684400000000001","","","","",""
"922","geometry-api-java","S100","Method names should comply with a naming convention","Code_Smell","17","TP","True","Multi File","nan","nan","nan","nan","True","94962172629","False","True","True","False","False","False","False","6758","0","6447","13205","0.0130184","","","","",""
"923","juniversalchardet","S5993","Constructors of an ""abstract"" class should not be declared ""public""","Code_Smell","17","TP","True","Single Line","nan","nan","nan","nan","True","473772446149","True","True","True","True","True","True","True","29388","0","29073","58461","0.058272000000000004","","","","",""
"924","jts","S1444","""public static"" fields should be constant","Code_Smell","17","TP","True","Single Line","nan","nan","nan","nan","True","29287858632","True","True","True","True","True","True","True","1718","0","1317","3035","0.0027944","","","","",""
"925","Paguro","S125","Sections of code should not be commented out","Code_Smell","17","FP","True","Multi Line","nan","nan","nan","nan","True","58012772196","True","True","True","True","True","True","True","3556","0","2914","6470","0.0060848000000000005","","","","",""
"926","Paguro","S6355","Deprecated annotations should include explanations","Code_Smell","17","TP","True","Single Line","nan","nan","nan","nan","True","426717907159","True","True","False","False","True","False","False","26292","0","23157","49449","0.047568","","","","",""
"927","jbehave-junit-runner","S106","Standard outputs should not be used directly to log anything","Code_Smell","17","FP","True","Single Line","nan","nan","nan","nan","True","8689611057","True","True","False","True","True","False","False","1412","0","958","2370","0.0020976000000000002","","","","",""
"928","Vitro","S117","Local variable and method parameter names should comply with a naming convention","Code_Smell","17","TP","True","Multi Line","nan","nan","nan","nan","True","114384966679","True","True","True","True","True","True","True","8370","0","7955","16325","0.016076","","","","",""
"929","model-citizen","S1192","String literals should not be duplicated","Code_Smell","17","TP","True","Multi Line","nan","nan","nan","nan","True","7266083318","True","True","True","True","True","True","True","898","0","415","1313","0.0010232","","","","",""
"930","OpenTripPlanner","S117","Local variable and method parameter names should comply with a naming convention","Code_Smell","17","TP","True","Multi Line","nan","nan","nan","nan","True","42209833287","True","True","True","True","True","True","True","3476","0","3070","6546","0.0063024","","","","",""
"931","jts","S1066","Collapsible ""if"" statements should be merged","Code_Smell","17","TP","True","Multi Line","nan","nan","nan","nan","True","35181516522","True","True","True","True","True","True","True","2729","0","2404","5133","0.0049380000000000005","","","","",""
"932","salvation","S1192","String literals should not be duplicated","Code_Smell","17","TP","True","Multi Line","nan","nan","nan","nan","True","409314907439","False","True","True","False","False","False","False","27719","0","27157","54876","0.0545388","","","","",""
"933","OpenTripPlanner","S1133","Deprecated code should be removed","Code_Smell","17","TP","True","Multi Line","nan","nan","nan","nan","True","119493162845","True","True","True","True","True","True","True","7913","0","7518","15431","0.015194000000000001","","","","",""
"934","amidst","S1186","Methods should not be empty","Code_Smell","17","TP","True","Single Line","nan","nan","nan","nan","True","1649735573","True","True","True","True","True","True","True","539","0","84","623","0.00035000000000000005","","","","",""
"935","pitest","S1450","Private fields only used as local variables in methods should become local variables","Code_Smell","17","TP","True","Multi Line","nan","nan","nan","nan","True","13463112932","True","True","True","True","True","True","True","1537","0","1082","2619","0.002346","","","","",""
"936","Vitro","S2293","The diamond operator (""<>"") should be used","Code_Smell","17","TP","True","Single Line","nan","nan","nan","nan","True","170407372406","True","True","True","True","True","True","True","11741","0","10851","22592","0.022057999999999998","","","","",""
"937","Vitro","S2293","The diamond operator (""<>"") should be used","Code_Smell","17","TP","True","Single Line","nan","nan","nan","nan","True","24748302787","True","True","True","True","True","True","True","1770","0","1391","3161","0.0029335999999999997","","","","",""
"938","Vitro","S2293","The diamond operator (""<>"") should be used","Code_Smell","17","TP","True","Single Line","nan","nan","nan","nan","True","7630242892","True","True","True","True","True","True","True","799","0","424","1223","0.000998","","","","",""
"939","jts","S125","Sections of code should not be commented out","Code_Smell","17","TP","True","Multi Line","nan","nan","nan","nan","True","3221923607","True","True","True","True","True","True","True","720","0","296","1016","0.0007616000000000001","","","","",""
"940","geometry-api-java","S100","Method names should comply with a naming convention","Code_Smell","17","TP","True","Multi Line","nan","nan","nan","nan","True","61706961922","True","True","True","True","True","True","True","5166","0","4851","10017","0.009828","","","","",""
"941","salvation","S1192","String literals should not be duplicated","Code_Smell","17","TP","True","Multi Line","nan","nan","nan","nan","True","384991267782","False","False","True","False","False","False","False","27725","0","27265","54990","0.054714","","","","",""
"942","jMetal","S117","Local variable and method parameter names should comply with a naming convention","Code_Smell","17","FP","True","Single Line","nan","nan","nan","nan","True","400600655550","False","True","True","False","False","False","False","71204","0","29264","100468","0.075304","","","","",""
"943","Nukkit","S3776","Cognitive Complexity of methods should not be too high","Code_Smell","17","TP","True","Multi Line","nan","nan","nan","nan","True","46805801588","False","True","False","False","False","False","False","33408","0","4302","37710","0.020246400000000005","","","","",""
"944","MobArena","S1659","Multiple variables should not be declared on the same line","Code_Smell","17","TP","True","Multi Line","nan","nan","nan","nan","True","4775227721","True","True","True","True","True","True","True","635","0","263","898","0.0006747999999999999","","","","",""
"945","nlp-lang","S125","Sections of code should not be commented out","Code_Smell","17","TP","True","Multi Line","nan","nan","nan","nan","True","3640035183","True","True","True","True","True","True","True","721","0","302","1023","0.0007716000000000001","","","","",""
"946","joshua","S117","Local variable and method parameter names should comply with a naming convention","Code_Smell","17","TP","True","Multi Line","nan","nan","nan","nan","True","55235561604","True","True","True","True","True","True","True","3854","0","3446","7300","0.007055200000000001","","","","",""
"947","rxjava2-extras","S1764","Identical expressions should not be used on both sides of a binary operator","Bug","17","TP","True","Single Line","nan","nan","nan","nan","True","69876741079","True","True","True","True","True","True","True","5930","0","5273","11203","0.0108088","","","","",""
"948","lambda","S119","Type parameter names should comply with a naming convention","Code_Smell","17","FP","True","Single Line","nan","nan","nan","nan","True","46559928473","True","True","True","True","True","True","True","3503","0","3062","6565","0.0063004","","","","",""
"949","jMetal","S106","Standard outputs should not be used directly to log anything","Code_Smell","17","FP","True","Single Line","nan","nan","nan","nan","True","26058290745","True","True","True","True","True","True","True","2340","0","1900","4240","0.003976","","","","",""
"950","OpenTripPlanner","S116","Field names should comply with a naming convention","Code_Smell","17","TP","True","Multi Line","nan","nan","nan","nan","True","8433721293","True","True","True","True","True","True","True","763","0","449","1212","0.0010236","","","","",""
"951","externalsortinginjava","S106","Standard outputs should not be used directly to log anything","Code_Smell","17","FP","True","Single Line","nan","nan","nan","nan","True","51441935176","True","True","False","True","True","False","False","4968","0","4495","9463","0.0091792","","","","",""
"952","json-schema-validator","S3457","Printf-style format strings should be used correctly","Code_Smell","18","TP","True","Single Line","nan","nan","nan","nan","True","47416785119","True","True","True","True","True","True","True","4890","0","3600","8490","0.007716000000000001","","","","",""
"953","lambda","S119","Type parameter names should comply with a naming convention","Code_Smell","18","TP","True","Multi Line","nan","nan","nan","nan","True","40351237696","True","True","True","True","True","True","True","3064","0","2677","5741","0.0055088","","","","",""
"954","rxjava-jdbc","S2095","Resources should be closed","Bug","18","TP","True","Multi Line","nan","nan","nan","nan","True","11001523471","True","True","True","True","True","True","True","1594","0","743","2337","0.0018264000000000002","","","","",""
"955","robot","S125","Sections of code should not be commented out","Code_Smell","18","TP","True","Multi Line","nan","nan","nan","nan","True","33086410717","True","True","True","True","True","True","True","4201","0","3603","7804","0.007445200000000001","","","","",""
"956","miso-lims","S1192","String literals should not be duplicated","Code_Smell","18","TP","True","Multi Line","nan","nan","nan","nan","True","72951564602","True","True","True","True","True","True","True","5962","0","5462","11424","0.011124000000000002","","","","",""
"957","joshua","S116","Field names should comply with a naming convention","Code_Smell","18","TP","True","Multi File","nan","nan","nan","nan","True","74626200163","False","True","True","False","False","False","False","6805","0","6494","13299","0.0131124","","","","",""
"958","modelmapper","S1192","String literals should not be duplicated","Code_Smell","18","TP","True","Multi Line","nan","nan","nan","nan","True","12485494127","True","True","True","True","True","True","True","1537","0","1051","2588","0.0022963999999999997","","","","",""
"959","geometry-api-java","S117","Local variable and method parameter names should comply with a naming convention","Code_Smell","18","TP","True","Multi Line","nan","nan","nan","nan","True","101769288517","True","True","True","True","True","True","True","7647","0","7270","14917","0.0146908","","","","",""
"960","gerrit-rest-java-client","S1104","Class variable fields should not have public accessibility","Code_Smell","18","FP","True","Single Line","nan","nan","nan","nan","True","4407713143","True","True","True","True","True","True","True","796","0","320","1116","0.0008304","","","","",""
"961","gson-fire","S1700","A field should not duplicate the name of its containing class","Code_Smell","18","TP","True","Multi Line","nan","nan","nan","nan","True","15503060740","False","True","True","False","False","False","False","1458","0","1013","2471","0.0022040000000000002","","","","",""
"962","nbvcxz","S1874","""@Deprecated"" code should not be used","Code_Smell","18","TP","True","Multi Line","nan","nan","nan","nan","True","15123512018","True","True","True","True","True","True","True","1516","0","928","2444","0.0020912","","","","",""
"963","epubcheck","S106","Standard outputs should not be used directly to log anything","Code_Smell","18","TP","True","Multi Line","nan","nan","nan","nan","True","89239530827","True","True","True","False","True","True","False","6196","0","5739","11935","0.011660800000000002","","","","",""
"964","specification-arg-resolver","S2293","The diamond operator (""<>"") should be used","Code_Smell","18","TP","True","Single Line","nan","nan","nan","nan","True","17483314717","True","True","True","True","True","True","True","1678","0","1297","2975","0.0027464000000000004","","","","",""
"965","joshua","S117","Local variable and method parameter names should comply with a naming convention","Code_Smell","18","FP","True","Single Line","nan","nan","nan","nan","True","102215735184","True","True","True","True","True","True","True","7699","0","7296","14995","0.014753200000000001","","","","",""
"966","modelmapper","S101","Class names should comply with a naming convention","Code_Smell","18","FP","True","Single Line","nan","nan","nan","nan","True","38164305983","True","True","True","True","True","True","True","2859","0","2563","5422","0.005244400000000001","","","","",""
"967","jts","S4507","Delivering code in production with debug features activated is security-sensitive","Security_Hotspot","18","FP","True","Single Line","nan","nan","nan","nan","True","28310342378","True","True","True","True","True","True","True","2923","0","1877","4800","0.0041724","","","","",""
"968","sql-to-mongo-db-query-converter","S1192","String literals should not be duplicated","Code_Smell","18","TP","True","Multi Line","nan","nan","nan","nan","True","230258311870","True","True","True","True","True","True","True","16108","0","15611","31719","0.0314208","","","","",""
"969","MsgViewer","S1168","Empty arrays and collections should be returned instead of null","Code_Smell","18","TP","True","Single Line","nan","nan","nan","nan","True","15551134190","True","True","True","True","True","True","True","1811","0","1099","2910","0.0024828000000000003","","","","",""
"970","Nukkit","S3776","Cognitive Complexity of methods should not be too high","Code_Smell","18","FP","True","Single Line","nan","nan","nan","nan","True","65104412327","True","True","True","True","True","True","True","4798","0","4343","9141","0.008868000000000001","","","","",""
"971","sqlite-jdbc","S112","Generic exceptions should never be thrown","Code_Smell","18","FP","True","Single Line","nan","nan","nan","nan","True","9914860214","True","True","True","True","True","True","True","1124","0","710","1834","0.0015856","","","","",""
"972","joshua","S125","Sections of code should not be commented out","Code_Smell","18","FP","True","Single Line","nan","nan","nan","nan","True","249641846542","True","True","True","True","True","True","True","25909","0","25504","51413","0.05117000000000001","","","","",""
"973","nfe","S1149","Synchronized classes Vector, Hashtable, Stack and StringBuffer should not be used","Code_Smell","18","TP","True","Multi Line","nan","nan","nan","nan","True","89111948518","False","True","True","False","False","False","False","18081","0","6779","24860","0.0180788","","","","",""
"974","Vitro","S116","Field names should comply with a naming convention","Code_Smell","18","TP","True","Multi Line","nan","nan","nan","nan","True","48593624274","True","True","True","True","True","True","True","3861","0","3554","7415","0.007230800000000001","","","","",""
"975","geometry-api-java","S117","Local variable and method parameter names should comply with a naming convention","Code_Smell","18","TP","True","Multi Line","nan","nan","nan","nan","True","80414883244","True","True","True","True","True","True","True","5614","0","5100","10714","0.010405600000000001","","","","",""
"976","spring-guice","S2094","Classes should not be empty","Code_Smell","18","FP","True","Single Line","nan","nan","nan","nan","True","5131814528","True","True","True","True","True","True","True","671","0","330","1001","0.0007964000000000001","","","","",""
"977","spring-guice","S1612","Lambdas should be replaced with method references","Code_Smell","18","TP","True","Single Line","nan","nan","nan","nan","True","10710133533","True","True","True","True","True","True","True","1211","0","638","1849","0.0015052000000000002","","","","",""
"978","Vitro","S2293","The diamond operator (""<>"") should be used","Code_Smell","18","TP","True","Single Line","nan","nan","nan","nan","True","164871815816","True","True","True","True","True","True","True","10345","0","9912","20257","0.0199972","","","","",""
"979","Vitro","S2293","The diamond operator (""<>"") should be used","Code_Smell","18","TP","True","Single Line","nan","nan","nan","nan","True","65959492788","True","True","True","True","True","True","True","3904","0","3514","7418","0.007183999999999999","","","","",""
"980","openhtmltopdf","S106","Standard outputs should not be used directly to log anything","Code_Smell","18","TP","True","Multi Line","nan","nan","nan","nan","True","55865311277","True","True","False","False","True","False","False","3257","0","2800","6057","0.0057828","","","","",""
"981","geometry-api-java","S3776","Cognitive Complexity of methods should not be too high","Code_Smell","18","TP","True","Multi Line","nan","nan","nan","nan","True","13867449377","False","True","True","False","False","False","False","11444","0","1332","12776","0.006708800000000001","","","","",""
"982","geometry-api-java","S3776","Cognitive Complexity of methods should not be too high","Code_Smell","18","FP","True","Single Line","nan","nan","nan","nan","True","351285635542","True","True","False","False","True","False","False","20905","0","20593","41498","0.0413108","","","","",""
"983","Paguro","S125","Sections of code should not be commented out","Code_Smell","18","TP","True","Multi Line","nan","nan","nan","nan","True","6713937874","True","True","True","True","True","True","True","1900","0","522","2422","0.0015952000000000002","","","","",""
"984","OpenTripPlanner","S1118","Utility classes should not have public constructors","Code_Smell","18","TP","True","Multi Line","nan","nan","nan","nan","True","14741993581","True","True","True","True","True","True","True","1246","0","865","2111","0.0018824","","","","",""
"985","sqlite-jdbc","S125","Sections of code should not be commented out","Code_Smell","18","TP","True","Multi Line","nan","nan","nan","nan","True","141837196944","True","True","True","True","True","True","True","9412","0","8958","18370","0.018097600000000002","","","","",""
"986","obfuscator","S1192","String literals should not be duplicated","Code_Smell","18","TP","True","Multi Line","nan","nan","nan","nan","True","56402024668","True","True","True","True","True","True","True","3646","0","3120","6766","0.0064504","","","","",""
"987","jts","S1604","Anonymous inner classes containing only one method should become lambdas","Code_Smell","18","TP","True","Multi Line","nan","nan","nan","nan","True","61856396134","True","True","False","True","True","False","False","4632","0","4123","8755","0.0084496","","","","",""
"988","Nukkit","S1104","Class variable fields should not have public accessibility","Code_Smell","18","FP","True","Single Line","nan","nan","nan","nan","True","6103643809","False","True","True","False","False","False","False","911","0","436","1347","0.001062","","","","",""
"989","torpedoquery","S1450","Private fields only used as local variables in methods should become local variables","Code_Smell","18","TP","True","Multi Line","nan","nan","nan","nan","True","8413129852","True","True","True","True","True","True","True","1077","0","686","1763","0.0015284000000000003","","","","",""
"990","aesh","S1192","String literals should not be duplicated","Code_Smell","18","TP","True","Multi Line","nan","nan","nan","nan","True","99750328985","False","True","True","False","False","False","False","6586","0","6087","12673","0.0123736","","","","",""
"991","java-ascii-render","S106","Standard outputs should not be used directly to log anything","Code_Smell","18","FP","True","Single Line","nan","nan","nan","nan","True","151928814829","True","True","True","False","True","True","False","15689","0","15191","30880","0.030581200000000003","","","","",""
"992","OpenTripPlanner","S1214","Constants should not be defined in interfaces","Code_Smell","18","TP","True","Multi Line","nan","nan","nan","nan","True","2247395201","True","True","True","True","True","True","True","622","0","174","796","0.0005272","","","","",""
"993","Vitro","S3776","Cognitive Complexity of methods should not be too high","Code_Smell","18","TP","True","Multi Line","nan","nan","nan","nan","True","55643057146","False","True","False","False","False","False","False","4987","0","4602","9589","0.009358","","","","",""
"994","Wikidata-Toolkit","S131","""switch"" statements should have ""default"" clauses","Code_Smell","18","TP","True","Multi Line","nan","nan","nan","nan","True","62873903466","True","True","True","True","True","True","True","4404","0","3960","8364","0.0080976","","","","",""
"995","Vitro","S2293","The diamond operator (""<>"") should be used","Code_Smell","18","TP","True","Single Line","nan","nan","nan","nan","True","53545407872","True","True","True","True","True","True","True","3552","0","3165","6717","0.0064848","","","","",""
"996","matomo-java-tracker","S3740","Raw types should not be used","Code_Smell","18","FP","True","Single Line","nan","nan","nan","nan","True","258081082729","True","True","True","True","True","True","True","15960","0","15677","31637","0.0314672","","","","",""
"997","jts","S1192","String literals should not be duplicated","Code_Smell","18","TP","True","Multi Line","nan","nan","nan","nan","True","58311935238","True","True","True","True","True","True","True","4332","0","3846","8178","0.0078864","","","","",""
"998","geometry-api-java","S100","Method names should comply with a naming convention","Code_Smell","18","TP","True","Multi Line","nan","nan","nan","nan","True","341612977051","True","False","True","True","False","False","False","26156","0","25832","51988","0.05179360000000001","","","","",""
"999","epubcheck","S125","Sections of code should not be commented out","Code_Smell","18","TP","True","Multi Line","nan","nan","nan","nan","True","80276497289","True","True","True","True","True","True","True","7054","0","6573","13627","0.0133384","","","","",""
"1000","Vitro","S125","Sections of code should not be commented out","Code_Smell","18","TP","True","Multi Line","nan","nan","nan","nan","True","25563440580","True","True","True","True","True","True","True","2683","0","2249","4932","0.0046716","","","","",""
